板块名称;股票代码;股票简称
水利;2051;中工国际
水利;2060;粤水电
水利;2131;利欧股份
水利;2205;国统股份
水利;2457;青龙管业
水利;2532;新界泵业
水利;2586;围海股份
水利;2619;巨龙管业
水利;2671;龙泉股份
水利;300021;大禹节水
水利;300137;先河环保
水利;600068;葛洲坝
水利;600075;*ST新业
水利;600116;三峡水利
水利;600131;岷江水电
水利;600283;钱江水利
水利;600502;安徽水利
水利;601669;中国电建
通用航空;99;中信海直
通用航空;571;新大洲A
通用航空;2023;海特高新
通用航空;2111;威海广泰
通用航空;2253;川大智胜
通用航空;2260;伊立浦
通用航空;300185;通裕重工
通用航空;600038;哈飞股份
通用航空;600316;洪都航空
通用航空;600523;贵航股份
通用航空;600862;南通科技
通用航空;600990;四创电子
新三板;600128.SH;弘业股份
新三板;600082.SH;海泰发展
新三板;600895.SH;张江高科
新三板;000628.SZ;高新发展
新三板;000998.SZ;隆平高科
新三板;600736.SH;苏州高新
新三板;600064.SH;南京高科
新三板;000786.SZ;北新建材
新三板;000917.SZ;电广传媒
新三板;000931.SZ;中关村
新三板;600210.SH;紫江企业
新三板;000661.SZ;长春高新
新三板;600872.SH;中炬高新
新三板;600624.SH;复旦复华
新三板;600862.SH;南通科技
新三板;600266.SH;北京城建
新三板;600658.SH;电子城
新三板;600783.SH;鲁信创投
新三板;600851.SH;海欣股份
新三板;000836.SZ;鑫茂科技
新三板;002673.SZ;西部证券
新三板;000783.SZ;长江证券
新三板;600884.SH;杉杉股份
新三板;000686.SZ;东北证券
新三板;000551.SZ;创元科技
新三板;000938.SZ;紫光股份
新三板;000532.SZ;力合股份
新三板;600133.SH;东湖高新
新三板;000776.SZ;广发证券
新三板;000728.SZ;国元证券
新三板;600283.SH;钱江水利
新三板;601377.SH;兴业证券
新三板;600635.SH;大众公用
